model,property,algorithm,seed,simulations,time,robustness,falsified,control points,budget
AbstractFuelControl_M1,"□_[11.0, 50.0] ((((throttle < 8.8) && ◇_[0.0, 0.05] (40.0 < throttle)) || ((40.0 < throttle) && ◇_[0.0, 0.05] (throttle < 8.8))) ==> □_[1.0, 5.0] (abs(mu) < 0.008))","uniform random",0,300,981,4.691130953260389E-4,no,10,300
AbstractFuelControl_M1,"□_[11.0, 50.0] ((((throttle < 8.8) && ◇_[0.0, 0.05] (40.0 < throttle)) || ((40.0 < throttle) && ◇_[0.0, 0.05] (throttle < 8.8))) ==> □_[1.0, 5.0] (abs(mu) < 0.008))","uniform random",0,300,977,1.2330560678552177E-4,no,10,300
AbstractFuelControl_M1,"□_[11.0, 50.0] ((((throttle < 8.8) && ◇_[0.0, 0.05] (40.0 < throttle)) || ((40.0 < throttle) && ◇_[0.0, 0.05] (throttle < 8.8))) ==> □_[1.0, 5.0] (abs(mu) < 0.008))","uniform random",0,209,683,-1.0580299420826639E-4,yes,10,300
AbstractFuelControl_M1,"□_[11.0, 50.0] ((((throttle < 8.8) && ◇_[0.0, 0.05] (40.0 < throttle)) || ((40.0 < throttle) && ◇_[0.0, 0.05] (throttle < 8.8))) ==> □_[1.0, 5.0] (abs(mu) < 0.008))","uniform random",0,300,965,5.408526234280606E-4,no,10,300
AbstractFuelControl_M1,"□_[11.0, 50.0] ((((throttle < 8.8) && ◇_[0.0, 0.05] (40.0 < throttle)) || ((40.0 < throttle) && ◇_[0.0, 0.05] (throttle < 8.8))) ==> □_[1.0, 5.0] (abs(mu) < 0.008))","uniform random",0,33,105,-4.95226872832058E-5,yes,10,300
AbstractFuelControl_M1,"□_[11.0, 50.0] ((((throttle < 8.8) && ◇_[0.0, 0.05] (40.0 < throttle)) || ((40.0 < throttle) && ◇_[0.0, 0.05] (throttle < 8.8))) ==> □_[1.0, 5.0] (abs(mu) < 0.008))","uniform random",0,300,965,3.643152400589697E-4,no,10,300
AbstractFuelControl_M1,"□_[11.0, 50.0] ((((throttle < 8.8) && ◇_[0.0, 0.05] (40.0 < throttle)) || ((40.0 < throttle) && ◇_[0.0, 0.05] (throttle < 8.8))) ==> □_[1.0, 5.0] (abs(mu) < 0.008))","uniform random",0,23,74,-4.578285388046749E-5,yes,10,300
AbstractFuelControl_M1,"□_[11.0, 50.0] ((((throttle < 8.8) && ◇_[0.0, 0.05] (40.0 < throttle)) || ((40.0 < throttle) && ◇_[0.0, 0.05] (throttle < 8.8))) ==> □_[1.0, 5.0] (abs(mu) < 0.008))","uniform random",0,300,959,3.235946279171939E-4,no,10,300
AbstractFuelControl_M1,"□_[11.0, 50.0] ((((throttle < 8.8) && ◇_[0.0, 0.05] (40.0 < throttle)) || ((40.0 < throttle) && ◇_[0.0, 0.05] (throttle < 8.8))) ==> □_[1.0, 5.0] (abs(mu) < 0.008))","uniform random",0,300,953,4.135822913009443E-4,no,10,300
AbstractFuelControl_M1,"□_[11.0, 50.0] ((((throttle < 8.8) && ◇_[0.0, 0.05] (40.0 < throttle)) || ((40.0 < throttle) && ◇_[0.0, 0.05] (throttle < 8.8))) ==> □_[1.0, 5.0] (abs(mu) < 0.008))","uniform random",0,85,270,-3.154817443885155E-5,yes,10,300
AbstractFuelControl_M1,"□_[11.0, 50.0] ((((throttle < 8.8) && ◇_[0.0, 0.05] (40.0 < throttle)) || ((40.0 < throttle) && ◇_[0.0, 0.05] (throttle < 8.8))) ==> □_[1.0, 5.0] (abs(mu) < 0.008))","uniform random",0,73,231,-7.041818318832133E-5,yes,10,300
AbstractFuelControl_M1,"□_[11.0, 50.0] ((((throttle < 8.8) && ◇_[0.0, 0.05] (40.0 < throttle)) || ((40.0 < throttle) && ◇_[0.0, 0.05] (throttle < 8.8))) ==> □_[1.0, 5.0] (abs(mu) < 0.008))","uniform random",0,300,942,6.099470618086064E-4,no,10,300
AbstractFuelControl_M1,"□_[11.0, 50.0] ((((throttle < 8.8) && ◇_[0.0, 0.05] (40.0 < throttle)) || ((40.0 < throttle) && ◇_[0.0, 0.05] (throttle < 8.8))) ==> □_[1.0, 5.0] (abs(mu) < 0.008))","uniform random",0,177,589,-8.249165241514672E-5,yes,10,300
AbstractFuelControl_M1,"□_[11.0, 50.0] ((((throttle < 8.8) && ◇_[0.0, 0.05] (40.0 < throttle)) || ((40.0 < throttle) && ◇_[0.0, 0.05] (throttle < 8.8))) ==> □_[1.0, 5.0] (abs(mu) < 0.008))","uniform random",0,118,393,-5.269100110517205E-5,yes,10,300
AbstractFuelControl_M1,"□_[11.0, 50.0] ((((throttle < 8.8) && ◇_[0.0, 0.05] (40.0 < throttle)) || ((40.0 < throttle) && ◇_[0.0, 0.05] (throttle < 8.8))) ==> □_[1.0, 5.0] (abs(mu) < 0.008))","uniform random",0,300,992,7.4833136346035E-5,no,10,300
AbstractFuelControl_M1,"□_[11.0, 50.0] ((((throttle < 8.8) && ◇_[0.0, 0.05] (40.0 < throttle)) || ((40.0 < throttle) && ◇_[0.0, 0.05] (throttle < 8.8))) ==> □_[1.0, 5.0] (abs(mu) < 0.008))","uniform random",0,146,482,-5.8696230576200936E-5,yes,10,300
AbstractFuelControl_M1,"□_[11.0, 50.0] ((((throttle < 8.8) && ◇_[0.0, 0.05] (40.0 < throttle)) || ((40.0 < throttle) && ◇_[0.0, 0.05] (throttle < 8.8))) ==> □_[1.0, 5.0] (abs(mu) < 0.008))","uniform random",0,300,986,2.7474403122051266E-4,no,10,300
AbstractFuelControl_M1,"□_[11.0, 50.0] ((((throttle < 8.8) && ◇_[0.0, 0.05] (40.0 < throttle)) || ((40.0 < throttle) && ◇_[0.0, 0.05] (throttle < 8.8))) ==> □_[1.0, 5.0] (abs(mu) < 0.008))","uniform random",0,146,476,-3.3306926479471227E-4,yes,10,300
AbstractFuelControl_M1,"□_[11.0, 50.0] ((((throttle < 8.8) && ◇_[0.0, 0.05] (40.0 < throttle)) || ((40.0 < throttle) && ◇_[0.0, 0.05] (throttle < 8.8))) ==> □_[1.0, 5.0] (abs(mu) < 0.008))","uniform random",0,300,970,3.9958690866969543E-4,no,10,300
AbstractFuelControl_M1,"□_[11.0, 50.0] ((((throttle < 8.8) && ◇_[0.0, 0.05] (40.0 < throttle)) || ((40.0 < throttle) && ◇_[0.0, 0.05] (throttle < 8.8))) ==> □_[1.0, 5.0] (abs(mu) < 0.008))","uniform random",0,300,965,1.1691240134936026E-4,no,10,300
AbstractFuelControl_M1,"□_[11.0, 50.0] ((((throttle < 8.8) && ◇_[0.0, 0.05] (40.0 < throttle)) || ((40.0 < throttle) && ◇_[0.0, 0.05] (throttle < 8.8))) ==> □_[1.0, 5.0] (abs(mu) < 0.008))","uniform random",0,300,962,2.675456330170009E-4,no,10,300
AbstractFuelControl_M1,"□_[11.0, 50.0] ((((throttle < 8.8) && ◇_[0.0, 0.05] (40.0 < throttle)) || ((40.0 < throttle) && ◇_[0.0, 0.05] (throttle < 8.8))) ==> □_[1.0, 5.0] (abs(mu) < 0.008))","uniform random",0,219,696,-3.128312449003426E-4,yes,10,300
AbstractFuelControl_M1,"□_[11.0, 50.0] ((((throttle < 8.8) && ◇_[0.0, 0.05] (40.0 < throttle)) || ((40.0 < throttle) && ◇_[0.0, 0.05] (throttle < 8.8))) ==> □_[1.0, 5.0] (abs(mu) < 0.008))","uniform random",0,189,602,-4.708694683732764E-4,yes,10,300
AbstractFuelControl_M1,"□_[11.0, 50.0] ((((throttle < 8.8) && ◇_[0.0, 0.05] (40.0 < throttle)) || ((40.0 < throttle) && ◇_[0.0, 0.05] (throttle < 8.8))) ==> □_[1.0, 5.0] (abs(mu) < 0.008))","uniform random",0,300,951,5.963444552947034E-5,no,10,300
AbstractFuelControl_M1,"□_[11.0, 50.0] ((((throttle < 8.8) && ◇_[0.0, 0.05] (40.0 < throttle)) || ((40.0 < throttle) && ◇_[0.0, 0.05] (throttle < 8.8))) ==> □_[1.0, 5.0] (abs(mu) < 0.008))","uniform random",0,209,659,-3.119279963865809E-4,yes,10,300
AbstractFuelControl_M1,"□_[11.0, 50.0] ((((throttle < 8.8) && ◇_[0.0, 0.05] (40.0 < throttle)) || ((40.0 < throttle) && ◇_[0.0, 0.05] (throttle < 8.8))) ==> □_[1.0, 5.0] (abs(mu) < 0.008))","uniform random",0,300,1002,1.1169052133341156E-4,no,10,300
AbstractFuelControl_M1,"□_[11.0, 50.0] ((((throttle < 8.8) && ◇_[0.0, 0.05] (40.0 < throttle)) || ((40.0 < throttle) && ◇_[0.0, 0.05] (throttle < 8.8))) ==> □_[1.0, 5.0] (abs(mu) < 0.008))","uniform random",0,106,350,-2.506761685543493E-4,yes,10,300
AbstractFuelControl_M1,"□_[11.0, 50.0] ((((throttle < 8.8) && ◇_[0.0, 0.05] (40.0 < throttle)) || ((40.0 < throttle) && ◇_[0.0, 0.05] (throttle < 8.8))) ==> □_[1.0, 5.0] (abs(mu) < 0.008))","uniform random",0,164,543,-5.311423041588076E-5,yes,10,300
AbstractFuelControl_M1,"□_[11.0, 50.0] ((((throttle < 8.8) && ◇_[0.0, 0.05] (40.0 < throttle)) || ((40.0 < throttle) && ◇_[0.0, 0.05] (throttle < 8.8))) ==> □_[1.0, 5.0] (abs(mu) < 0.008))","uniform random",0,300,990,1.4161797858890796E-4,no,10,300
AbstractFuelControl_M1,"□_[11.0, 50.0] ((((throttle < 8.8) && ◇_[0.0, 0.05] (40.0 < throttle)) || ((40.0 < throttle) && ◇_[0.0, 0.05] (throttle < 8.8))) ==> □_[1.0, 5.0] (abs(mu) < 0.008))","uniform random",0,114,375,-8.089787272603371E-5,yes,10,300
AbstractFuelControl_M1,"□_[11.0, 50.0] ((((throttle < 8.8) && ◇_[0.0, 0.05] (40.0 < throttle)) || ((40.0 < throttle) && ◇_[0.0, 0.05] (throttle < 8.8))) ==> □_[1.0, 5.0] (abs(mu) < 0.008))","uniform random",0,300,975,5.501720219926939E-4,no,10,300
AbstractFuelControl_M1,"□_[11.0, 50.0] ((((throttle < 8.8) && ◇_[0.0, 0.05] (40.0 < throttle)) || ((40.0 < throttle) && ◇_[0.0, 0.05] (throttle < 8.8))) ==> □_[1.0, 5.0] (abs(mu) < 0.008))","uniform random",0,191,618,-3.8893675291951785E-4,yes,10,300
AbstractFuelControl_M1,"□_[11.0, 50.0] ((((throttle < 8.8) && ◇_[0.0, 0.05] (40.0 < throttle)) || ((40.0 < throttle) && ◇_[0.0, 0.05] (throttle < 8.8))) ==> □_[1.0, 5.0] (abs(mu) < 0.008))","uniform random",0,231,741,-1.1737069807971762E-4,yes,10,300
AbstractFuelControl_M1,"□_[11.0, 50.0] ((((throttle < 8.8) && ◇_[0.0, 0.05] (40.0 < throttle)) || ((40.0 < throttle) && ◇_[0.0, 0.05] (throttle < 8.8))) ==> □_[1.0, 5.0] (abs(mu) < 0.008))","uniform random",0,300,960,6.041211994807158E-4,no,10,300
AbstractFuelControl_M1,"□_[11.0, 50.0] ((((throttle < 8.8) && ◇_[0.0, 0.05] (40.0 < throttle)) || ((40.0 < throttle) && ◇_[0.0, 0.05] (throttle < 8.8))) ==> □_[1.0, 5.0] (abs(mu) < 0.008))","uniform random",0,300,960,9.15906460510138E-5,no,10,300
AbstractFuelControl_M1,"□_[11.0, 50.0] ((((throttle < 8.8) && ◇_[0.0, 0.05] (40.0 < throttle)) || ((40.0 < throttle) && ◇_[0.0, 0.05] (throttle < 8.8))) ==> □_[1.0, 5.0] (abs(mu) < 0.008))","uniform random",0,300,954,4.217431814157388E-4,no,10,300
AbstractFuelControl_M1,"□_[11.0, 50.0] ((((throttle < 8.8) && ◇_[0.0, 0.05] (40.0 < throttle)) || ((40.0 < throttle) && ◇_[0.0, 0.05] (throttle < 8.8))) ==> □_[1.0, 5.0] (abs(mu) < 0.008))","uniform random",0,300,949,1.6206471096501945E-4,no,10,300
AbstractFuelControl_M1,"□_[11.0, 50.0] ((((throttle < 8.8) && ◇_[0.0, 0.05] (40.0 < throttle)) || ((40.0 < throttle) && ◇_[0.0, 0.05] (throttle < 8.8))) ==> □_[1.0, 5.0] (abs(mu) < 0.008))","uniform random",0,300,991,3.1322806147503907E-4,no,10,300
AbstractFuelControl_M1,"□_[11.0, 50.0] ((((throttle < 8.8) && ◇_[0.0, 0.05] (40.0 < throttle)) || ((40.0 < throttle) && ◇_[0.0, 0.05] (throttle < 8.8))) ==> □_[1.0, 5.0] (abs(mu) < 0.008))","uniform random",0,75,249,-4.8387755257291165E-5,yes,10,300
AbstractFuelControl_M1,"□_[11.0, 50.0] ((((throttle < 8.8) && ◇_[0.0, 0.05] (40.0 < throttle)) || ((40.0 < throttle) && ◇_[0.0, 0.05] (throttle < 8.8))) ==> □_[1.0, 5.0] (abs(mu) < 0.008))","uniform random",0,300,994,1.3883303596522178E-5,no,10,300
AbstractFuelControl_M1,"□_[11.0, 50.0] ((((throttle < 8.8) && ◇_[0.0, 0.05] (40.0 < throttle)) || ((40.0 < throttle) && ◇_[0.0, 0.05] (throttle < 8.8))) ==> □_[1.0, 5.0] (abs(mu) < 0.008))","uniform random",0,29,96,-9.693309698251273E-6,yes,10,300
AbstractFuelControl_M1,"□_[11.0, 50.0] ((((throttle < 8.8) && ◇_[0.0, 0.05] (40.0 < throttle)) || ((40.0 < throttle) && ◇_[0.0, 0.05] (throttle < 8.8))) ==> □_[1.0, 5.0] (abs(mu) < 0.008))","uniform random",0,300,990,8.765384249258476E-4,no,10,300
AbstractFuelControl_M1,"□_[11.0, 50.0] ((((throttle < 8.8) && ◇_[0.0, 0.05] (40.0 < throttle)) || ((40.0 < throttle) && ◇_[0.0, 0.05] (throttle < 8.8))) ==> □_[1.0, 5.0] (abs(mu) < 0.008))","uniform random",0,300,979,4.948138591318527E-4,no,10,300
AbstractFuelControl_M1,"□_[11.0, 50.0] ((((throttle < 8.8) && ◇_[0.0, 0.05] (40.0 < throttle)) || ((40.0 < throttle) && ◇_[0.0, 0.05] (throttle < 8.8))) ==> □_[1.0, 5.0] (abs(mu) < 0.008))","uniform random",0,300,969,6.792515898228421E-4,no,10,300
AbstractFuelControl_M1,"□_[11.0, 50.0] ((((throttle < 8.8) && ◇_[0.0, 0.05] (40.0 < throttle)) || ((40.0 < throttle) && ◇_[0.0, 0.05] (throttle < 8.8))) ==> □_[1.0, 5.0] (abs(mu) < 0.008))","uniform random",0,300,962,5.246046828809997E-5,no,10,300
AbstractFuelControl_M1,"□_[11.0, 50.0] ((((throttle < 8.8) && ◇_[0.0, 0.05] (40.0 < throttle)) || ((40.0 < throttle) && ◇_[0.0, 0.05] (throttle < 8.8))) ==> □_[1.0, 5.0] (abs(mu) < 0.008))","uniform random",0,44,141,-2.4392733626511093E-4,yes,10,300
AbstractFuelControl_M1,"□_[11.0, 50.0] ((((throttle < 8.8) && ◇_[0.0, 0.05] (40.0 < throttle)) || ((40.0 < throttle) && ◇_[0.0, 0.05] (throttle < 8.8))) ==> □_[1.0, 5.0] (abs(mu) < 0.008))","uniform random",0,300,962,3.892345895641844E-4,no,10,300
AbstractFuelControl_M1,"□_[11.0, 50.0] ((((throttle < 8.8) && ◇_[0.0, 0.05] (40.0 < throttle)) || ((40.0 < throttle) && ◇_[0.0, 0.05] (throttle < 8.8))) ==> □_[1.0, 5.0] (abs(mu) < 0.008))","uniform random",0,300,957,2.7041784748764452E-5,no,10,300
AbstractFuelControl_M1,"□_[11.0, 50.0] ((((throttle < 8.8) && ◇_[0.0, 0.05] (40.0 < throttle)) || ((40.0 < throttle) && ◇_[0.0, 0.05] (throttle < 8.8))) ==> □_[1.0, 5.0] (abs(mu) < 0.008))","uniform random",0,300,951,5.983153803654703E-4,no,10,300
AbstractFuelControl_M1,"□_[11.0, 50.0] ((((throttle < 8.8) && ◇_[0.0, 0.05] (40.0 < throttle)) || ((40.0 < throttle) && ◇_[0.0, 0.05] (throttle < 8.8))) ==> □_[1.0, 5.0] (abs(mu) < 0.008))","uniform random",0,300,968,4.210541364206774E-4,no,10,300

model,property,algorithm,seed,simulations,time,robustness,falsified,control points,solver,budget
AbstractFuelControl_M1,"□_[11.0, 50.0] ((((throttle < 8.8) && ◇_[0.0, 0.05] (40.0 < throttle)) || ((40.0 < throttle) && ◇_[0.0, 0.05] (throttle < 8.8))) ==> □_[1.0, 5.0] (abs(mu) < 0.008))",Breach,0,100,335,1.2267244803387117E-4,no,10,cmaes,300
AbstractFuelControl_M1,"□_[11.0, 50.0] ((((throttle < 8.8) && ◇_[0.0, 0.05] (40.0 < throttle)) || ((40.0 < throttle) && ◇_[0.0, 0.05] (throttle < 8.8))) ==> □_[1.0, 5.0] (abs(mu) < 0.008))",Breach,-4962768465676381896,69,240,-1.1186819846027707E-5,yes,10,cmaes,300
AbstractFuelControl_M1,"□_[11.0, 50.0] ((((throttle < 8.8) && ◇_[0.0, 0.05] (40.0 < throttle)) || ((40.0 < throttle) && ◇_[0.0, 0.05] (throttle < 8.8))) ==> □_[1.0, 5.0] (abs(mu) < 0.008))",Breach,4804307197456638271,100,348,4.417040970707761E-4,no,10,cmaes,300
AbstractFuelControl_M1,"□_[11.0, 50.0] ((((throttle < 8.8) && ◇_[0.0, 0.05] (40.0 < throttle)) || ((40.0 < throttle) && ◇_[0.0, 0.05] (throttle < 8.8))) ==> □_[1.0, 5.0] (abs(mu) < 0.008))",Breach,-1034601897293430941,100,360,3.809787184904517E-5,no,10,cmaes,300
AbstractFuelControl_M1,"□_[11.0, 50.0] ((((throttle < 8.8) && ◇_[0.0, 0.05] (40.0 < throttle)) || ((40.0 < throttle) && ◇_[0.0, 0.05] (throttle < 8.8))) ==> □_[1.0, 5.0] (abs(mu) < 0.008))",Breach,7848011421992302230,100,351,4.417040970707761E-4,no,10,cmaes,300
AbstractFuelControl_M1,"□_[11.0, 50.0] ((((throttle < 8.8) && ◇_[0.0, 0.05] (40.0 < throttle)) || ((40.0 < throttle) && ◇_[0.0, 0.05] (throttle < 8.8))) ==> □_[1.0, 5.0] (abs(mu) < 0.008))",Breach,-8929183248358367000,90,322,-4.8594488824001136E-5,yes,10,cmaes,300
AbstractFuelControl_M1,"□_[11.0, 50.0] ((((throttle < 8.8) && ◇_[0.0, 0.05] (40.0 < throttle)) || ((40.0 < throttle) && ◇_[0.0, 0.05] (throttle < 8.8))) ==> □_[1.0, 5.0] (abs(mu) < 0.008))",Breach,488730542833106255,100,360,4.417040970707761E-4,no,10,cmaes,300
AbstractFuelControl_M1,"□_[11.0, 50.0] ((((throttle < 8.8) && ◇_[0.0, 0.05] (40.0 < throttle)) || ((40.0 < throttle) && ◇_[0.0, 0.05] (throttle < 8.8))) ==> □_[1.0, 5.0] (abs(mu) < 0.008))",Breach,5082315122564986995,100,357,4.417040970707761E-4,no,10,cmaes,300
AbstractFuelControl_M1,"□_[11.0, 50.0] ((((throttle < 8.8) && ◇_[0.0, 0.05] (40.0 < throttle)) || ((40.0 < throttle) && ◇_[0.0, 0.05] (throttle < 8.8))) ==> □_[1.0, 5.0] (abs(mu) < 0.008))",Breach,-4023469995120514721,100,359,5.627648198727117E-4,no,10,cmaes,300
AbstractFuelControl_M1,"□_[11.0, 50.0] ((((throttle < 8.8) && ◇_[0.0, 0.05] (40.0 < throttle)) || ((40.0 < throttle) && ◇_[0.0, 0.05] (throttle < 8.8))) ==> □_[1.0, 5.0] (abs(mu) < 0.008))",Breach,-652523483647487500,73,260,-3.83537439334683E-5,yes,10,cmaes,300
AbstractFuelControl_M1,"□_[11.0, 50.0] ((((throttle < 8.8) && ◇_[0.0, 0.05] (40.0 < throttle)) || ((40.0 < throttle) && ◇_[0.0, 0.05] (throttle < 8.8))) ==> □_[1.0, 5.0] (abs(mu) < 0.008))",Breach,733208966369662072,100,359,4.417040970707761E-4,no,10,cmaes,300
AbstractFuelControl_M1,"□_[11.0, 50.0] ((((throttle < 8.8) && ◇_[0.0, 0.05] (40.0 < throttle)) || ((40.0 < throttle) && ◇_[0.0, 0.05] (throttle < 8.8))) ==> □_[1.0, 5.0] (abs(mu) < 0.008))",Breach,-2859003968966358305,100,363,1.6493346338507936E-4,no,10,cmaes,300
AbstractFuelControl_M1,"□_[11.0, 50.0] ((((throttle < 8.8) && ◇_[0.0, 0.05] (40.0 < throttle)) || ((40.0 < throttle) && ◇_[0.0, 0.05] (throttle < 8.8))) ==> □_[1.0, 5.0] (abs(mu) < 0.008))",Breach,2391129358218448901,100,368,4.417040970707761E-4,no,10,cmaes,300
AbstractFuelControl_M1,"□_[11.0, 50.0] ((((throttle < 8.8) && ◇_[0.0, 0.05] (40.0 < throttle)) || ((40.0 < throttle) && ◇_[0.0, 0.05] (throttle < 8.8))) ==> □_[1.0, 5.0] (abs(mu) < 0.008))",Breach,462804890636782426,100,361,4.417040970707761E-4,no,10,cmaes,300
AbstractFuelControl_M1,"□_[11.0, 50.0] ((((throttle < 8.8) && ◇_[0.0, 0.05] (40.0 < throttle)) || ((40.0 < throttle) && ◇_[0.0, 0.05] (throttle < 8.8))) ==> □_[1.0, 5.0] (abs(mu) < 0.008))",Breach,4152650890530247911,100,361,4.417040970707761E-4,no,10,cmaes,300
AbstractFuelControl_M1,"□_[11.0, 50.0] ((((throttle < 8.8) && ◇_[0.0, 0.05] (40.0 < throttle)) || ((40.0 < throttle) && ◇_[0.0, 0.05] (throttle < 8.8))) ==> □_[1.0, 5.0] (abs(mu) < 0.008))",Breach,-7824937040248809533,100,364,7.880451308166225E-6,no,10,cmaes,300
AbstractFuelControl_M1,"□_[11.0, 50.0] ((((throttle < 8.8) && ◇_[0.0, 0.05] (40.0 < throttle)) || ((40.0 < throttle) && ◇_[0.0, 0.05] (throttle < 8.8))) ==> □_[1.0, 5.0] (abs(mu) < 0.008))",Breach,-7423161351415864473,100,362,2.994608703237242E-4,no,10,cmaes,300
AbstractFuelControl_M1,"□_[11.0, 50.0] ((((throttle < 8.8) && ◇_[0.0, 0.05] (40.0 < throttle)) || ((40.0 < throttle) && ◇_[0.0, 0.05] (throttle < 8.8))) ==> □_[1.0, 5.0] (abs(mu) < 0.008))",Breach,-1712070416600608528,49,178,-4.3814149249817025E-5,yes,10,cmaes,300
AbstractFuelControl_M1,"□_[11.0, 50.0] ((((throttle < 8.8) && ◇_[0.0, 0.05] (40.0 < throttle)) || ((40.0 < throttle) && ◇_[0.0, 0.05] (throttle < 8.8))) ==> □_[1.0, 5.0] (abs(mu) < 0.008))",Breach,-7558503418509576542,100,364,8.786858610564802E-5,no,10,cmaes,300
AbstractFuelControl_M1,"□_[11.0, 50.0] ((((throttle < 8.8) && ◇_[0.0, 0.05] (40.0 < throttle)) || ((40.0 < throttle) && ◇_[0.0, 0.05] (throttle < 8.8))) ==> □_[1.0, 5.0] (abs(mu) < 0.008))",Breach,-1602231814014388968,100,364,1.4387449866126029E-4,no,10,cmaes,300
AbstractFuelControl_M1,"□_[11.0, 50.0] ((((throttle < 8.8) && ◇_[0.0, 0.05] (40.0 < throttle)) || ((40.0 < throttle) && ◇_[0.0, 0.05] (throttle < 8.8))) ==> □_[1.0, 5.0] (abs(mu) < 0.008))",Breach,-8398198349610176347,40,144,-2.4157558196558765E-4,yes,10,cmaes,300
AbstractFuelControl_M1,"□_[11.0, 50.0] ((((throttle < 8.8) && ◇_[0.0, 0.05] (40.0 < throttle)) || ((40.0 < throttle) && ◇_[0.0, 0.05] (throttle < 8.8))) ==> □_[1.0, 5.0] (abs(mu) < 0.008))",Breach,8543763135442756639,100,363,4.417040970707761E-4,no,10,cmaes,300
AbstractFuelControl_M1,"□_[11.0, 50.0] ((((throttle < 8.8) && ◇_[0.0, 0.05] (40.0 < throttle)) || ((40.0 < throttle) && ◇_[0.0, 0.05] (throttle < 8.8))) ==> □_[1.0, 5.0] (abs(mu) < 0.008))",Breach,-6771948130860443991,100,372,6.146923105569899E-4,no,10,cmaes,300
AbstractFuelControl_M1,"□_[11.0, 50.0] ((((throttle < 8.8) && ◇_[0.0, 0.05] (40.0 < throttle)) || ((40.0 < throttle) && ◇_[0.0, 0.05] (throttle < 8.8))) ==> □_[1.0, 5.0] (abs(mu) < 0.008))",Breach,-6872183637580745469,100,370,3.449505366525524E-5,no,10,cmaes,300
AbstractFuelControl_M1,"□_[11.0, 50.0] ((((throttle < 8.8) && ◇_[0.0, 0.05] (40.0 < throttle)) || ((40.0 < throttle) && ◇_[0.0, 0.05] (throttle < 8.8))) ==> □_[1.0, 5.0] (abs(mu) < 0.008))",Breach,-4362937514027401353,100,378,3.025763579098603E-4,no,10,cmaes,300
AbstractFuelControl_M1,"□_[11.0, 50.0] ((((throttle < 8.8) && ◇_[0.0, 0.05] (40.0 < throttle)) || ((40.0 < throttle) && ◇_[0.0, 0.05] (throttle < 8.8))) ==> □_[1.0, 5.0] (abs(mu) < 0.008))",Breach,-645818057311197652,42,161,-9.085538124620901E-5,yes,10,cmaes,300
AbstractFuelControl_M1,"□_[11.0, 50.0] ((((throttle < 8.8) && ◇_[0.0, 0.05] (40.0 < throttle)) || ((40.0 < throttle) && ◇_[0.0, 0.05] (throttle < 8.8))) ==> □_[1.0, 5.0] (abs(mu) < 0.008))",Breach,-2589363629201395742,100,373,1.3934141827020435E-4,no,10,cmaes,300
AbstractFuelControl_M1,"□_[11.0, 50.0] ((((throttle < 8.8) && ◇_[0.0, 0.05] (40.0 < throttle)) || ((40.0 < throttle) && ◇_[0.0, 0.05] (throttle < 8.8))) ==> □_[1.0, 5.0] (abs(mu) < 0.008))",Breach,-1292473327617944349,31,116,-1.923073371648057E-4,yes,10,cmaes,300
AbstractFuelControl_M1,"□_[11.0, 50.0] ((((throttle < 8.8) && ◇_[0.0, 0.05] (40.0 < throttle)) || ((40.0 < throttle) && ◇_[0.0, 0.05] (throttle < 8.8))) ==> □_[1.0, 5.0] (abs(mu) < 0.008))",Breach,7708962365626450022,100,377,4.417040970707761E-4,no,10,cmaes,300
AbstractFuelControl_M1,"□_[11.0, 50.0] ((((throttle < 8.8) && ◇_[0.0, 0.05] (40.0 < throttle)) || ((40.0 < throttle) && ◇_[0.0, 0.05] (throttle < 8.8))) ==> □_[1.0, 5.0] (abs(mu) < 0.008))",Breach,-1985167797452687559,53,199,-6.183193887766142E-5,yes,10,cmaes,300
AbstractFuelControl_M1,"□_[11.0, 50.0] ((((throttle < 8.8) && ◇_[0.0, 0.05] (40.0 < throttle)) || ((40.0 < throttle) && ◇_[0.0, 0.05] (throttle < 8.8))) ==> □_[1.0, 5.0] (abs(mu) < 0.008))",Breach,-9181452172432867415,68,253,-8.172321138722599E-5,yes,10,cmaes,300
AbstractFuelControl_M1,"□_[11.0, 50.0] ((((throttle < 8.8) && ◇_[0.0, 0.05] (40.0 < throttle)) || ((40.0 < throttle) && ◇_[0.0, 0.05] (throttle < 8.8))) ==> □_[1.0, 5.0] (abs(mu) < 0.008))",Breach,5136175437742153992,100,378,4.417040970707761E-4,no,10,cmaes,300
AbstractFuelControl_M1,"□_[11.0, 50.0] ((((throttle < 8.8) && ◇_[0.0, 0.05] (40.0 < throttle)) || ((40.0 < throttle) && ◇_[0.0, 0.05] (throttle < 8.8))) ==> □_[1.0, 5.0] (abs(mu) < 0.008))",Breach,2461321076443974826,100,376,4.417040970707761E-4,no,10,cmaes,300
AbstractFuelControl_M1,"□_[11.0, 50.0] ((((throttle < 8.8) && ◇_[0.0, 0.05] (40.0 < throttle)) || ((40.0 < throttle) && ◇_[0.0, 0.05] (throttle < 8.8))) ==> □_[1.0, 5.0] (abs(mu) < 0.008))",Breach,5393678625457699973,100,378,4.417040970707761E-4,no,10,cmaes,300
AbstractFuelControl_M1,"□_[11.0, 50.0] ((((throttle < 8.8) && ◇_[0.0, 0.05] (40.0 < throttle)) || ((40.0 < throttle) && ◇_[0.0, 0.05] (throttle < 8.8))) ==> □_[1.0, 5.0] (abs(mu) < 0.008))",Breach,-5223836593555421482,92,347,-7.533990726994039E-5,yes,10,cmaes,300
AbstractFuelControl_M1,"□_[11.0, 50.0] ((((throttle < 8.8) && ◇_[0.0, 0.05] (40.0 < throttle)) || ((40.0 < throttle) && ◇_[0.0, 0.05] (throttle < 8.8))) ==> □_[1.0, 5.0] (abs(mu) < 0.008))",Breach,4231336260356479292,100,379,4.417040970707761E-4,no,10,cmaes,300
AbstractFuelControl_M1,"□_[11.0, 50.0] ((((throttle < 8.8) && ◇_[0.0, 0.05] (40.0 < throttle)) || ((40.0 < throttle) && ◇_[0.0, 0.05] (throttle < 8.8))) ==> □_[1.0, 5.0] (abs(mu) < 0.008))",Breach,80026624404206994,100,394,4.417040970707761E-4,no,10,cmaes,300
AbstractFuelControl_M1,"□_[11.0, 50.0] ((((throttle < 8.8) && ◇_[0.0, 0.05] (40.0 < throttle)) || ((40.0 < throttle) && ◇_[0.0, 0.05] (throttle < 8.8))) ==> □_[1.0, 5.0] (abs(mu) < 0.008))",Breach,5629798281369249587,100,377,4.417040970707761E-4,no,10,cmaes,300
AbstractFuelControl_M1,"□_[11.0, 50.0] ((((throttle < 8.8) && ◇_[0.0, 0.05] (40.0 < throttle)) || ((40.0 < throttle) && ◇_[0.0, 0.05] (throttle < 8.8))) ==> □_[1.0, 5.0] (abs(mu) < 0.008))",Breach,-7970476187495257102,100,378,5.533766035269866E-5,no,10,cmaes,300
AbstractFuelControl_M1,"□_[11.0, 50.0] ((((throttle < 8.8) && ◇_[0.0, 0.05] (40.0 < throttle)) || ((40.0 < throttle) && ◇_[0.0, 0.05] (throttle < 8.8))) ==> □_[1.0, 5.0] (abs(mu) < 0.008))",Breach,8328412070939253235,100,379,4.417040970707761E-4,no,10,cmaes,300
AbstractFuelControl_M1,"□_[11.0, 50.0] ((((throttle < 8.8) && ◇_[0.0, 0.05] (40.0 < throttle)) || ((40.0 < throttle) && ◇_[0.0, 0.05] (throttle < 8.8))) ==> □_[1.0, 5.0] (abs(mu) < 0.008))",Breach,8613213585075034408,100,379,4.417040970707761E-4,no,10,cmaes,300
AbstractFuelControl_M1,"□_[11.0, 50.0] ((((throttle < 8.8) && ◇_[0.0, 0.05] (40.0 < throttle)) || ((40.0 < throttle) && ◇_[0.0, 0.05] (throttle < 8.8))) ==> □_[1.0, 5.0] (abs(mu) < 0.008))",Breach,7839281802022211816,100,383,4.417040970707761E-4,no,10,cmaes,300
AbstractFuelControl_M1,"□_[11.0, 50.0] ((((throttle < 8.8) && ◇_[0.0, 0.05] (40.0 < throttle)) || ((40.0 < throttle) && ◇_[0.0, 0.05] (throttle < 8.8))) ==> □_[1.0, 5.0] (abs(mu) < 0.008))",Breach,605170570079111320,100,384,4.417040970707761E-4,no,10,cmaes,300
AbstractFuelControl_M1,"□_[11.0, 50.0] ((((throttle < 8.8) && ◇_[0.0, 0.05] (40.0 < throttle)) || ((40.0 < throttle) && ◇_[0.0, 0.05] (throttle < 8.8))) ==> □_[1.0, 5.0] (abs(mu) < 0.008))",Breach,-8912674914493871025,100,377,1.1390512804292097E-5,no,10,cmaes,300
AbstractFuelControl_M1,"□_[11.0, 50.0] ((((throttle < 8.8) && ◇_[0.0, 0.05] (40.0 < throttle)) || ((40.0 < throttle) && ◇_[0.0, 0.05] (throttle < 8.8))) ==> □_[1.0, 5.0] (abs(mu) < 0.008))",Breach,-5429469239583332266,100,375,8.147644903399448E-5,no,10,cmaes,300
AbstractFuelControl_M1,"□_[11.0, 50.0] ((((throttle < 8.8) && ◇_[0.0, 0.05] (40.0 < throttle)) || ((40.0 < throttle) && ◇_[0.0, 0.05] (throttle < 8.8))) ==> □_[1.0, 5.0] (abs(mu) < 0.008))",Breach,7697740277460248409,100,378,4.417040970707761E-4,no,10,cmaes,300
AbstractFuelControl_M1,"□_[11.0, 50.0] ((((throttle < 8.8) && ◇_[0.0, 0.05] (40.0 < throttle)) || ((40.0 < throttle) && ◇_[0.0, 0.05] (throttle < 8.8))) ==> □_[1.0, 5.0] (abs(mu) < 0.008))",Breach,6823898353758749145,100,377,4.417040970707761E-4,no,10,cmaes,300
AbstractFuelControl_M1,"□_[11.0, 50.0] ((((throttle < 8.8) && ◇_[0.0, 0.05] (40.0 < throttle)) || ((40.0 < throttle) && ◇_[0.0, 0.05] (throttle < 8.8))) ==> □_[1.0, 5.0] (abs(mu) < 0.008))",Breach,-765888408110226152,67,252,-1.1728944891676446E-4,yes,10,cmaes,300
AbstractFuelControl_M1,"□_[11.0, 50.0] ((((throttle < 8.8) && ◇_[0.0, 0.05] (40.0 < throttle)) || ((40.0 < throttle) && ◇_[0.0, 0.05] (throttle < 8.8))) ==> □_[1.0, 5.0] (abs(mu) < 0.008))",Breach,1824341877410284492,100,380,4.417040970707761E-4,no,10,cmaes,300
AbstractFuelControl_M1,"□_[11.0, 50.0] ((((throttle < 8.8) && ◇_[0.0, 0.05] (40.0 < throttle)) || ((40.0 < throttle) && ◇_[0.0, 0.05] (throttle < 8.8))) ==> □_[1.0, 5.0] (abs(mu) < 0.008))",Breach,-9095715445349070663,37,138,-3.036301126542254E-4,yes,10,cmaes,300

model,property,algorithm,seed,simulations,time,robustness,falsified,control points,solver,budget
AbstractFuelControl_M1,"□_[11.0, 50.0] ((((throttle < 8.8) && ◇_[0.0, 0.05] (40.0 < throttle)) || ((40.0 < throttle) && ◇_[0.0, 0.05] (throttle < 8.8))) ==> □_[1.0, 5.0] (abs(mu) < 0.008))",Breach,0,100,379,1.2267244803387117E-4,no,10,global_nelder_mead,300

model,property,algorithm,seed,simulations,time,robustness,falsified,control points,exploration ratio,budget
AbstractFuelControl_M1,"□_[11.0, 50.0] ((((throttle < 8.8) && ◇_[0.0, 0.05] (40.0 < throttle)) || ((40.0 < throttle) && ◇_[0.0, 0.05] (throttle < 8.8))) ==> □_[1.0, 5.0] (abs(mu) < 0.008))",adaptive,0,4,14,-3.278655063256933E-4,yes,"10 10 10 10 10",0.25,300
AbstractFuelControl_M1,"□_[11.0, 50.0] ((((throttle < 8.8) && ◇_[0.0, 0.05] (40.0 < throttle)) || ((40.0 < throttle) && ◇_[0.0, 0.05] (throttle < 8.8))) ==> □_[1.0, 5.0] (abs(mu) < 0.008))",adaptive,0,1,3,-5.991045296849309E-4,yes,"10 10 10 10 10",0.25,300
AbstractFuelControl_M1,"□_[11.0, 50.0] ((((throttle < 8.8) && ◇_[0.0, 0.05] (40.0 < throttle)) || ((40.0 < throttle) && ◇_[0.0, 0.05] (throttle < 8.8))) ==> □_[1.0, 5.0] (abs(mu) < 0.008))",adaptive,0,1,3,-5.833666013075403E-4,yes,"10 10 10 10 10",0.25,300
AbstractFuelControl_M1,"□_[11.0, 50.0] ((((throttle < 8.8) && ◇_[0.0, 0.05] (40.0 < throttle)) || ((40.0 < throttle) && ◇_[0.0, 0.05] (throttle < 8.8))) ==> □_[1.0, 5.0] (abs(mu) < 0.008))",adaptive,0,1,3,-6.008310300897948E-4,yes,"10 10 10 10 10",0.25,300
AbstractFuelControl_M1,"□_[11.0, 50.0] ((((throttle < 8.8) && ◇_[0.0, 0.05] (40.0 < throttle)) || ((40.0 < throttle) && ◇_[0.0, 0.05] (throttle < 8.8))) ==> □_[1.0, 5.0] (abs(mu) < 0.008))",adaptive,0,2,6,-5.810051050507761E-4,yes,"10 10 10 10 10",0.25,300
AbstractFuelControl_M1,"□_[11.0, 50.0] ((((throttle < 8.8) && ◇_[0.0, 0.05] (40.0 < throttle)) || ((40.0 < throttle) && ◇_[0.0, 0.05] (throttle < 8.8))) ==> □_[1.0, 5.0] (abs(mu) < 0.008))",adaptive,0,6,20,-3.4637413362360175E-4,yes,"10 10 10 10 10",0.25,300
AbstractFuelControl_M1,"□_[11.0, 50.0] ((((throttle < 8.8) && ◇_[0.0, 0.05] (40.0 < throttle)) || ((40.0 < throttle) && ◇_[0.0, 0.05] (throttle < 8.8))) ==> □_[1.0, 5.0] (abs(mu) < 0.008))",adaptive,0,3,10,-1.1887224947405156E-4,yes,"10 10 10 10 10",0.25,300
AbstractFuelControl_M1,"□_[11.0, 50.0] ((((throttle < 8.8) && ◇_[0.0, 0.05] (40.0 < throttle)) || ((40.0 < throttle) && ◇_[0.0, 0.05] (throttle < 8.8))) ==> □_[1.0, 5.0] (abs(mu) < 0.008))",adaptive,0,12,41,-4.510049406276709E-4,yes,"10 10 10 10 10",0.25,300
AbstractFuelControl_M1,"□_[11.0, 50.0] ((((throttle < 8.8) && ◇_[0.0, 0.05] (40.0 < throttle)) || ((40.0 < throttle) && ◇_[0.0, 0.05] (throttle < 8.8))) ==> □_[1.0, 5.0] (abs(mu) < 0.008))",adaptive,0,17,58,-2.1191405592669438E-4,yes,"10 10 10 10 10",0.25,300
AbstractFuelControl_M1,"□_[11.0, 50.0] ((((throttle < 8.8) && ◇_[0.0, 0.05] (40.0 < throttle)) || ((40.0 < throttle) && ◇_[0.0, 0.05] (throttle < 8.8))) ==> □_[1.0, 5.0] (abs(mu) < 0.008))",adaptive,0,1,3,-5.548630865743823E-4,yes,"10 10 10 10 10",0.25,300
AbstractFuelControl_M1,"□_[11.0, 50.0] ((((throttle < 8.8) && ◇_[0.0, 0.05] (40.0 < throttle)) || ((40.0 < throttle) && ◇_[0.0, 0.05] (throttle < 8.8))) ==> □_[1.0, 5.0] (abs(mu) < 0.008))",adaptive,0,10,34,-3.3081960909876057E-4,yes,"10 10 10 10 10",0.25,300
AbstractFuelControl_M1,"□_[11.0, 50.0] ((((throttle < 8.8) && ◇_[0.0, 0.05] (40.0 < throttle)) || ((40.0 < throttle) && ◇_[0.0, 0.05] (throttle < 8.8))) ==> □_[1.0, 5.0] (abs(mu) < 0.008))",adaptive,0,4,13,-5.814336566303327E-4,yes,"10 10 10 10 10",0.25,300
AbstractFuelControl_M1,"□_[11.0, 50.0] ((((throttle < 8.8) && ◇_[0.0, 0.05] (40.0 < throttle)) || ((40.0 < throttle) && ◇_[0.0, 0.05] (throttle < 8.8))) ==> □_[1.0, 5.0] (abs(mu) < 0.008))",adaptive,0,16,54,-6.038789556119875E-4,yes,"10 10 10 10 10",0.25,300
AbstractFuelControl_M1,"□_[11.0, 50.0] ((((throttle < 8.8) && ◇_[0.0, 0.05] (40.0 < throttle)) || ((40.0 < throttle) && ◇_[0.0, 0.05] (throttle < 8.8))) ==> □_[1.0, 5.0] (abs(mu) < 0.008))",adaptive,0,12,41,-6.052040917881099E-4,yes,"10 10 10 10 10",0.25,300
AbstractFuelControl_M1,"□_[11.0, 50.0] ((((throttle < 8.8) && ◇_[0.0, 0.05] (40.0 < throttle)) || ((40.0 < throttle) && ◇_[0.0, 0.05] (throttle < 8.8))) ==> □_[1.0, 5.0] (abs(mu) < 0.008))",adaptive,0,7,25,-5.670980412688723E-4,yes,"10 10 10 10 10",0.25,300
AbstractFuelControl_M1,"□_[11.0, 50.0] ((((throttle < 8.8) && ◇_[0.0, 0.05] (40.0 < throttle)) || ((40.0 < throttle) && ◇_[0.0, 0.05] (throttle < 8.8))) ==> □_[1.0, 5.0] (abs(mu) < 0.008))",adaptive,0,2,7,-3.4232370885024094E-4,yes,"10 10 10 10 10",0.25,300
AbstractFuelControl_M1,"□_[11.0, 50.0] ((((throttle < 8.8) && ◇_[0.0, 0.05] (40.0 < throttle)) || ((40.0 < throttle) && ◇_[0.0, 0.05] (throttle < 8.8))) ==> □_[1.0, 5.0] (abs(mu) < 0.008))",adaptive,0,11,37,-6.024523531866846E-4,yes,"10 10 10 10 10",0.25,300
AbstractFuelControl_M1,"□_[11.0, 50.0] ((((throttle < 8.8) && ◇_[0.0, 0.05] (40.0 < throttle)) || ((40.0 < throttle) && ◇_[0.0, 0.05] (throttle < 8.8))) ==> □_[1.0, 5.0] (abs(mu) < 0.008))",adaptive,0,2,6,-5.961582061728768E-4,yes,"10 10 10 10 10",0.25,300
AbstractFuelControl_M1,"□_[11.0, 50.0] ((((throttle < 8.8) && ◇_[0.0, 0.05] (40.0 < throttle)) || ((40.0 < throttle) && ◇_[0.0, 0.05] (throttle < 8.8))) ==> □_[1.0, 5.0] (abs(mu) < 0.008))",adaptive,0,3,9,-5.213698992023799E-4,yes,"10 10 10 10 10",0.25,300
AbstractFuelControl_M1,"□_[11.0, 50.0] ((((throttle < 8.8) && ◇_[0.0, 0.05] (40.0 < throttle)) || ((40.0 < throttle) && ◇_[0.0, 0.05] (throttle < 8.8))) ==> □_[1.0, 5.0] (abs(mu) < 0.008))",adaptive,0,8,27,-6.11279064047128E-4,yes,"10 10 10 10 10",0.25,300
AbstractFuelControl_M1,"□_[11.0, 50.0] ((((throttle < 8.8) && ◇_[0.0, 0.05] (40.0 < throttle)) || ((40.0 < throttle) && ◇_[0.0, 0.05] (throttle < 8.8))) ==> □_[1.0, 5.0] (abs(mu) < 0.008))",adaptive,0,21,72,-4.584023850016175E-4,yes,"10 10 10 10 10",0.25,300
AbstractFuelControl_M1,"□_[11.0, 50.0] ((((throttle < 8.8) && ◇_[0.0, 0.05] (40.0 < throttle)) || ((40.0 < throttle) && ◇_[0.0, 0.05] (throttle < 8.8))) ==> □_[1.0, 5.0] (abs(mu) < 0.008))",adaptive,0,4,13,-4.3651920600541044E-4,yes,"10 10 10 10 10",0.25,300
AbstractFuelControl_M1,"□_[11.0, 50.0] ((((throttle < 8.8) && ◇_[0.0, 0.05] (40.0 < throttle)) || ((40.0 < throttle) && ◇_[0.0, 0.05] (throttle < 8.8))) ==> □_[1.0, 5.0] (abs(mu) < 0.008))",adaptive,0,5,16,-4.377128378865239E-4,yes,"10 10 10 10 10",0.25,300
AbstractFuelControl_M1,"□_[11.0, 50.0] ((((throttle < 8.8) && ◇_[0.0, 0.05] (40.0 < throttle)) || ((40.0 < throttle) && ◇_[0.0, 0.05] (throttle < 8.8))) ==> □_[1.0, 5.0] (abs(mu) < 0.008))",adaptive,0,5,17,-5.976824683784424E-4,yes,"10 10 10 10 10",0.25,300
AbstractFuelControl_M1,"□_[11.0, 50.0] ((((throttle < 8.8) && ◇_[0.0, 0.05] (40.0 < throttle)) || ((40.0 < throttle) && ◇_[0.0, 0.05] (throttle < 8.8))) ==> □_[1.0, 5.0] (abs(mu) < 0.008))",adaptive,0,6,19,-2.928442568501735E-4,yes,"10 10 10 10 10",0.25,300
AbstractFuelControl_M1,"□_[11.0, 50.0] ((((throttle < 8.8) && ◇_[0.0, 0.05] (40.0 < throttle)) || ((40.0 < throttle) && ◇_[0.0, 0.05] (throttle < 8.8))) ==> □_[1.0, 5.0] (abs(mu) < 0.008))",adaptive,0,2,6,-3.9633476868839584E-4,yes,"10 10 10 10 10",0.25,300
AbstractFuelControl_M1,"□_[11.0, 50.0] ((((throttle < 8.8) && ◇_[0.0, 0.05] (40.0 < throttle)) || ((40.0 < throttle) && ◇_[0.0, 0.05] (throttle < 8.8))) ==> □_[1.0, 5.0] (abs(mu) < 0.008))",adaptive,0,1,3,-5.995432119994051E-4,yes,"10 10 10 10 10",0.25,300
AbstractFuelControl_M1,"□_[11.0, 50.0] ((((throttle < 8.8) && ◇_[0.0, 0.05] (40.0 < throttle)) || ((40.0 < throttle) && ◇_[0.0, 0.05] (throttle < 8.8))) ==> □_[1.0, 5.0] (abs(mu) < 0.008))",adaptive,0,3,10,-6.041419440989751E-4,yes,"10 10 10 10 10",0.25,300
AbstractFuelControl_M1,"□_[11.0, 50.0] ((((throttle < 8.8) && ◇_[0.0, 0.05] (40.0 < throttle)) || ((40.0 < throttle) && ◇_[0.0, 0.05] (throttle < 8.8))) ==> □_[1.0, 5.0] (abs(mu) < 0.008))",adaptive,0,3,11,-3.4388282041920154E-4,yes,"10 10 10 10 10",0.25,300
AbstractFuelControl_M1,"□_[11.0, 50.0] ((((throttle < 8.8) && ◇_[0.0, 0.05] (40.0 < throttle)) || ((40.0 < throttle) && ◇_[0.0, 0.05] (throttle < 8.8))) ==> □_[1.0, 5.0] (abs(mu) < 0.008))",adaptive,0,1,3,-6.052556873856821E-4,yes,"10 10 10 10 10",0.25,300
AbstractFuelControl_M1,"□_[11.0, 50.0] ((((throttle < 8.8) && ◇_[0.0, 0.05] (40.0 < throttle)) || ((40.0 < throttle) && ◇_[0.0, 0.05] (throttle < 8.8))) ==> □_[1.0, 5.0] (abs(mu) < 0.008))",adaptive,0,2,7,-6.073670393371769E-4,yes,"10 10 10 10 10",0.25,300
AbstractFuelControl_M1,"□_[11.0, 50.0] ((((throttle < 8.8) && ◇_[0.0, 0.05] (40.0 < throttle)) || ((40.0 < throttle) && ◇_[0.0, 0.05] (throttle < 8.8))) ==> □_[1.0, 5.0] (abs(mu) < 0.008))",adaptive,0,3,10,-2.6065882975163934E-5,yes,"10 10 10 10 10",0.25,300
AbstractFuelControl_M1,"□_[11.0, 50.0] ((((throttle < 8.8) && ◇_[0.0, 0.05] (40.0 < throttle)) || ((40.0 < throttle) && ◇_[0.0, 0.05] (throttle < 8.8))) ==> □_[1.0, 5.0] (abs(mu) < 0.008))",adaptive,0,5,17,-3.7269610879887144E-4,yes,"10 10 10 10 10",0.25,300
AbstractFuelControl_M1,"□_[11.0, 50.0] ((((throttle < 8.8) && ◇_[0.0, 0.05] (40.0 < throttle)) || ((40.0 < throttle) && ◇_[0.0, 0.05] (throttle < 8.8))) ==> □_[1.0, 5.0] (abs(mu) < 0.008))",adaptive,0,4,14,-6.004649015709587E-4,yes,"10 10 10 10 10",0.25,300
AbstractFuelControl_M1,"□_[11.0, 50.0] ((((throttle < 8.8) && ◇_[0.0, 0.05] (40.0 < throttle)) || ((40.0 < throttle) && ◇_[0.0, 0.05] (throttle < 8.8))) ==> □_[1.0, 5.0] (abs(mu) < 0.008))",adaptive,0,22,75,-6.04168507607479E-4,yes,"10 10 10 10 10",0.25,300
AbstractFuelControl_M1,"□_[11.0, 50.0] ((((throttle < 8.8) && ◇_[0.0, 0.05] (40.0 < throttle)) || ((40.0 < throttle) && ◇_[0.0, 0.05] (throttle < 8.8))) ==> □_[1.0, 5.0] (abs(mu) < 0.008))",adaptive,0,1,3,-6.026093096032151E-4,yes,"10 10 10 10 10",0.25,300
AbstractFuelControl_M1,"□_[11.0, 50.0] ((((throttle < 8.8) && ◇_[0.0, 0.05] (40.0 < throttle)) || ((40.0 < throttle) && ◇_[0.0, 0.05] (throttle < 8.8))) ==> □_[1.0, 5.0] (abs(mu) < 0.008))",adaptive,0,1,3,-6.051926428456492E-4,yes,"10 10 10 10 10",0.25,300
AbstractFuelControl_M1,"□_[11.0, 50.0] ((((throttle < 8.8) && ◇_[0.0, 0.05] (40.0 < throttle)) || ((40.0 < throttle) && ◇_[0.0, 0.05] (throttle < 8.8))) ==> □_[1.0, 5.0] (abs(mu) < 0.008))",adaptive,0,20,67,-5.0533064367426495E-5,yes,"10 10 10 10 10",0.25,300
AbstractFuelControl_M1,"□_[11.0, 50.0] ((((throttle < 8.8) && ◇_[0.0, 0.05] (40.0 < throttle)) || ((40.0 < throttle) && ◇_[0.0, 0.05] (throttle < 8.8))) ==> □_[1.0, 5.0] (abs(mu) < 0.008))",adaptive,0,11,37,-5.64139318860464E-4,yes,"10 10 10 10 10",0.25,300
AbstractFuelControl_M1,"□_[11.0, 50.0] ((((throttle < 8.8) && ◇_[0.0, 0.05] (40.0 < throttle)) || ((40.0 < throttle) && ◇_[0.0, 0.05] (throttle < 8.8))) ==> □_[1.0, 5.0] (abs(mu) < 0.008))",adaptive,0,13,44,-6.03358577943254E-4,yes,"10 10 10 10 10",0.25,300
AbstractFuelControl_M1,"□_[11.0, 50.0] ((((throttle < 8.8) && ◇_[0.0, 0.05] (40.0 < throttle)) || ((40.0 < throttle) && ◇_[0.0, 0.05] (throttle < 8.8))) ==> □_[1.0, 5.0] (abs(mu) < 0.008))",adaptive,0,6,20,-6.01678737045537E-4,yes,"10 10 10 10 10",0.25,300
AbstractFuelControl_M1,"□_[11.0, 50.0] ((((throttle < 8.8) && ◇_[0.0, 0.05] (40.0 < throttle)) || ((40.0 < throttle) && ◇_[0.0, 0.05] (throttle < 8.8))) ==> □_[1.0, 5.0] (abs(mu) < 0.008))",adaptive,0,8,27,-6.062790988152836E-4,yes,"10 10 10 10 10",0.25,300
AbstractFuelControl_M1,"□_[11.0, 50.0] ((((throttle < 8.8) && ◇_[0.0, 0.05] (40.0 < throttle)) || ((40.0 < throttle) && ◇_[0.0, 0.05] (throttle < 8.8))) ==> □_[1.0, 5.0] (abs(mu) < 0.008))",adaptive,0,1,3,-5.985399879229261E-4,yes,"10 10 10 10 10",0.25,300
AbstractFuelControl_M1,"□_[11.0, 50.0] ((((throttle < 8.8) && ◇_[0.0, 0.05] (40.0 < throttle)) || ((40.0 < throttle) && ◇_[0.0, 0.05] (throttle < 8.8))) ==> □_[1.0, 5.0] (abs(mu) < 0.008))",adaptive,0,1,3,-3.7521147117681314E-4,yes,"10 10 10 10 10",0.25,300
AbstractFuelControl_M1,"□_[11.0, 50.0] ((((throttle < 8.8) && ◇_[0.0, 0.05] (40.0 < throttle)) || ((40.0 < throttle) && ◇_[0.0, 0.05] (throttle < 8.8))) ==> □_[1.0, 5.0] (abs(mu) < 0.008))",adaptive,0,6,20,-5.955441206819748E-4,yes,"10 10 10 10 10",0.25,300
AbstractFuelControl_M1,"□_[11.0, 50.0] ((((throttle < 8.8) && ◇_[0.0, 0.05] (40.0 < throttle)) || ((40.0 < throttle) && ◇_[0.0, 0.05] (throttle < 8.8))) ==> □_[1.0, 5.0] (abs(mu) < 0.008))",adaptive,0,5,17,-3.42256821794569E-4,yes,"10 10 10 10 10",0.25,300
AbstractFuelControl_M1,"□_[11.0, 50.0] ((((throttle < 8.8) && ◇_[0.0, 0.05] (40.0 < throttle)) || ((40.0 < throttle) && ◇_[0.0, 0.05] (throttle < 8.8))) ==> □_[1.0, 5.0] (abs(mu) < 0.008))",adaptive,0,1,3,-5.984633103788342E-4,yes,"10 10 10 10 10",0.25,300
AbstractFuelControl_M1,"□_[11.0, 50.0] ((((throttle < 8.8) && ◇_[0.0, 0.05] (40.0 < throttle)) || ((40.0 < throttle) && ◇_[0.0, 0.05] (throttle < 8.8))) ==> □_[1.0, 5.0] (abs(mu) < 0.008))",adaptive,0,6,20,-6.029480469815843E-4,yes,"10 10 10 10 10",0.25,300
AbstractFuelControl_M1,"□_[11.0, 50.0] ((((throttle < 8.8) && ◇_[0.0, 0.05] (40.0 < throttle)) || ((40.0 < throttle) && ◇_[0.0, 0.05] (throttle < 8.8))) ==> □_[1.0, 5.0] (abs(mu) < 0.008))",adaptive,0,1,3,-6.01860945905093E-4,yes,"10 10 10 10 10",0.25,300
AbstractFuelControl_M1,"□_[11.0, 50.0] ((((throttle < 8.8) && ◇_[0.0, 0.05] (40.0 < throttle)) || ((40.0 < throttle) && ◇_[0.0, 0.05] (throttle < 8.8))) ==> □_[1.0, 5.0] (abs(mu) < 0.008))",adaptive,0,7,23,-5.723225064069373E-4,yes,"10 10 10 10 10",0.25,300

model,property,algorithm,seed,simulations,time,robustness,falsified,control points,solver,budget
AbstractFuelControl_M1,"□_[11.0, 50.0] ((((throttle < 8.8) && ◇_[0.0, 0.05] (40.0 < throttle)) || ((40.0 < throttle) && ◇_[0.0, 0.05] (throttle < 8.8))) ==> □_[1.0, 5.0] (abs(mu) < 0.008))",Breach,0,280,951,-1.663860770126993E-4,yes,10,cmaes,300
AbstractFuelControl_M1,"□_[11.0, 50.0] ((((throttle < 8.8) && ◇_[0.0, 0.05] (40.0 < throttle)) || ((40.0 < throttle) && ◇_[0.0, 0.05] (throttle < 8.8))) ==> □_[1.0, 5.0] (abs(mu) < 0.008))",Breach,-4962768465676381896,69,244,-1.1186819846027707E-5,yes,10,cmaes,300
AbstractFuelControl_M1,"□_[11.0, 50.0] ((((throttle < 8.8) && ◇_[0.0, 0.05] (40.0 < throttle)) || ((40.0 < throttle) && ◇_[0.0, 0.05] (throttle < 8.8))) ==> □_[1.0, 5.0] (abs(mu) < 0.008))",Breach,4804307197456638271,141,495,-2.771715112757159E-4,yes,10,cmaes,300
AbstractFuelControl_M1,"□_[11.0, 50.0] ((((throttle < 8.8) && ◇_[0.0, 0.05] (40.0 < throttle)) || ((40.0 < throttle) && ◇_[0.0, 0.05] (throttle < 8.8))) ==> □_[1.0, 5.0] (abs(mu) < 0.008))",Breach,-1034601897293430941,205,734,-1.0096864654918908E-4,yes,10,cmaes,300
AbstractFuelControl_M1,"□_[11.0, 50.0] ((((throttle < 8.8) && ◇_[0.0, 0.05] (40.0 < throttle)) || ((40.0 < throttle) && ◇_[0.0, 0.05] (throttle < 8.8))) ==> □_[1.0, 5.0] (abs(mu) < 0.008))",Breach,7848011421992302230,141,495,-2.771715112757159E-4,yes,10,cmaes,300
AbstractFuelControl_M1,"□_[11.0, 50.0] ((((throttle < 8.8) && ◇_[0.0, 0.05] (40.0 < throttle)) || ((40.0 < throttle) && ◇_[0.0, 0.05] (throttle < 8.8))) ==> □_[1.0, 5.0] (abs(mu) < 0.008))",Breach,-8929183248358367000,90,320,-4.8594488824001136E-5,yes,10,cmaes,300
AbstractFuelControl_M1,"□_[11.0, 50.0] ((((throttle < 8.8) && ◇_[0.0, 0.05] (40.0 < throttle)) || ((40.0 < throttle) && ◇_[0.0, 0.05] (throttle < 8.8))) ==> □_[1.0, 5.0] (abs(mu) < 0.008))",Breach,488730542833106255,141,508,-2.771715112757159E-4,yes,10,cmaes,300
AbstractFuelControl_M1,"□_[11.0, 50.0] ((((throttle < 8.8) && ◇_[0.0, 0.05] (40.0 < throttle)) || ((40.0 < throttle) && ◇_[0.0, 0.05] (throttle < 8.8))) ==> □_[1.0, 5.0] (abs(mu) < 0.008))",Breach,5082315122564986995,141,510,-2.771715112757159E-4,yes,10,cmaes,300
AbstractFuelControl_M1,"□_[11.0, 50.0] ((((throttle < 8.8) && ◇_[0.0, 0.05] (40.0 < throttle)) || ((40.0 < throttle) && ◇_[0.0, 0.05] (throttle < 8.8))) ==> □_[1.0, 5.0] (abs(mu) < 0.008))",Breach,-4023469995120514721,300,1100,1.6424210684262003E-4,no,10,cmaes,300
AbstractFuelControl_M1,"□_[11.0, 50.0] ((((throttle < 8.8) && ◇_[0.0, 0.05] (40.0 < throttle)) || ((40.0 < throttle) && ◇_[0.0, 0.05] (throttle < 8.8))) ==> □_[1.0, 5.0] (abs(mu) < 0.008))",Breach,-652523483647487500,73,270,-3.83537439334683E-5,yes,10,cmaes,300
AbstractFuelControl_M1,"□_[11.0, 50.0] ((((throttle < 8.8) && ◇_[0.0, 0.05] (40.0 < throttle)) || ((40.0 < throttle) && ◇_[0.0, 0.05] (throttle < 8.8))) ==> □_[1.0, 5.0] (abs(mu) < 0.008))",Breach,733208966369662072,141,520,-2.771715112757159E-4,yes,10,cmaes,300
AbstractFuelControl_M1,"□_[11.0, 50.0] ((((throttle < 8.8) && ◇_[0.0, 0.05] (40.0 < throttle)) || ((40.0 < throttle) && ◇_[0.0, 0.05] (throttle < 8.8))) ==> □_[1.0, 5.0] (abs(mu) < 0.008))",Breach,-2859003968966358305,300,1105,8.279152950185081E-5,no,10,cmaes,300
AbstractFuelControl_M1,"□_[11.0, 50.0] ((((throttle < 8.8) && ◇_[0.0, 0.05] (40.0 < throttle)) || ((40.0 < throttle) && ◇_[0.0, 0.05] (throttle < 8.8))) ==> □_[1.0, 5.0] (abs(mu) < 0.008))",Breach,2391129358218448901,141,525,-2.771715112757159E-4,yes,10,cmaes,300
AbstractFuelControl_M1,"□_[11.0, 50.0] ((((throttle < 8.8) && ◇_[0.0, 0.05] (40.0 < throttle)) || ((40.0 < throttle) && ◇_[0.0, 0.05] (throttle < 8.8))) ==> □_[1.0, 5.0] (abs(mu) < 0.008))",Breach,462804890636782426,141,517,-2.771715112757159E-4,yes,10,cmaes,300
AbstractFuelControl_M1,"□_[11.0, 50.0] ((((throttle < 8.8) && ◇_[0.0, 0.05] (40.0 < throttle)) || ((40.0 < throttle) && ◇_[0.0, 0.05] (throttle < 8.8))) ==> □_[1.0, 5.0] (abs(mu) < 0.008))",Breach,4152650890530247911,141,522,-2.771715112757159E-4,yes,10,cmaes,300
AbstractFuelControl_M1,"□_[11.0, 50.0] ((((throttle < 8.8) && ◇_[0.0, 0.05] (40.0 < throttle)) || ((40.0 < throttle) && ◇_[0.0, 0.05] (throttle < 8.8))) ==> □_[1.0, 5.0] (abs(mu) < 0.008))",Breach,-7824937040248809533,104,387,-2.92371053367331E-4,yes,10,cmaes,300
AbstractFuelControl_M1,"□_[11.0, 50.0] ((((throttle < 8.8) && ◇_[0.0, 0.05] (40.0 < throttle)) || ((40.0 < throttle) && ◇_[0.0, 0.05] (throttle < 8.8))) ==> □_[1.0, 5.0] (abs(mu) < 0.008))",Breach,-7423161351415864473,300,1101,1.53951201121931E-4,no,10,cmaes,300
AbstractFuelControl_M1,"□_[11.0, 50.0] ((((throttle < 8.8) && ◇_[0.0, 0.05] (40.0 < throttle)) || ((40.0 < throttle) && ◇_[0.0, 0.05] (throttle < 8.8))) ==> □_[1.0, 5.0] (abs(mu) < 0.008))",Breach,-1712070416600608528,49,180,-4.3814149249817025E-5,yes,10,cmaes,300
AbstractFuelControl_M1,"□_[11.0, 50.0] ((((throttle < 8.8) && ◇_[0.0, 0.05] (40.0 < throttle)) || ((40.0 < throttle) && ◇_[0.0, 0.05] (throttle < 8.8))) ==> □_[1.0, 5.0] (abs(mu) < 0.008))",Breach,-7558503418509576542,104,389,-5.7361732137779786E-5,yes,10,cmaes,300
AbstractFuelControl_M1,"□_[11.0, 50.0] ((((throttle < 8.8) && ◇_[0.0, 0.05] (40.0 < throttle)) || ((40.0 < throttle) && ◇_[0.0, 0.05] (throttle < 8.8))) ==> □_[1.0, 5.0] (abs(mu) < 0.008))",Breach,-1602231814014388968,300,1112,1.4387449866126029E-4,no,10,cmaes,300
AbstractFuelControl_M1,"□_[11.0, 50.0] ((((throttle < 8.8) && ◇_[0.0, 0.05] (40.0 < throttle)) || ((40.0 < throttle) && ◇_[0.0, 0.05] (throttle < 8.8))) ==> □_[1.0, 5.0] (abs(mu) < 0.008))",Breach,-8398198349610176347,40,146,-2.4157558196558765E-4,yes,10,cmaes,300
AbstractFuelControl_M1,"□_[11.0, 50.0] ((((throttle < 8.8) && ◇_[0.0, 0.05] (40.0 < throttle)) || ((40.0 < throttle) && ◇_[0.0, 0.05] (throttle < 8.8))) ==> □_[1.0, 5.0] (abs(mu) < 0.008))",Breach,8543763135442756639,141,530,-2.771715112757159E-4,yes,10,cmaes,300
AbstractFuelControl_M1,"□_[11.0, 50.0] ((((throttle < 8.8) && ◇_[0.0, 0.05] (40.0 < throttle)) || ((40.0 < throttle) && ◇_[0.0, 0.05] (throttle < 8.8))) ==> □_[1.0, 5.0] (abs(mu) < 0.008))",Breach,-6771948130860443991,204,768,-8.298637702642414E-5,yes,10,cmaes,300
AbstractFuelControl_M1,"□_[11.0, 50.0] ((((throttle < 8.8) && ◇_[0.0, 0.05] (40.0 < throttle)) || ((40.0 < throttle) && ◇_[0.0, 0.05] (throttle < 8.8))) ==> □_[1.0, 5.0] (abs(mu) < 0.008))",Breach,-6872183637580745469,110,417,-1.604945866851698E-5,yes,10,cmaes,300
AbstractFuelControl_M1,"□_[11.0, 50.0] ((((throttle < 8.8) && ◇_[0.0, 0.05] (40.0 < throttle)) || ((40.0 < throttle) && ◇_[0.0, 0.05] (throttle < 8.8))) ==> □_[1.0, 5.0] (abs(mu) < 0.008))",Breach,-4362937514027401353,300,1129,9.325205057024444E-6,no,10,cmaes,300
AbstractFuelControl_M1,"□_[11.0, 50.0] ((((throttle < 8.8) && ◇_[0.0, 0.05] (40.0 < throttle)) || ((40.0 < throttle) && ◇_[0.0, 0.05] (throttle < 8.8))) ==> □_[1.0, 5.0] (abs(mu) < 0.008))",Breach,-645818057311197652,42,159,-9.085538124620901E-5,yes,10,cmaes,300
AbstractFuelControl_M1,"□_[11.0, 50.0] ((((throttle < 8.8) && ◇_[0.0, 0.05] (40.0 < throttle)) || ((40.0 < throttle) && ◇_[0.0, 0.05] (throttle < 8.8))) ==> □_[1.0, 5.0] (abs(mu) < 0.008))",Breach,-2589363629201395742,300,1145,1.3934141827020435E-4,no,10,cmaes,300
AbstractFuelControl_M1,"□_[11.0, 50.0] ((((throttle < 8.8) && ◇_[0.0, 0.05] (40.0 < throttle)) || ((40.0 < throttle) && ◇_[0.0, 0.05] (throttle < 8.8))) ==> □_[1.0, 5.0] (abs(mu) < 0.008))",Breach,-1292473327617944349,31,120,-1.923073371648057E-4,yes,10,cmaes,300
AbstractFuelControl_M1,"□_[11.0, 50.0] ((((throttle < 8.8) && ◇_[0.0, 0.05] (40.0 < throttle)) || ((40.0 < throttle) && ◇_[0.0, 0.05] (throttle < 8.8))) ==> □_[1.0, 5.0] (abs(mu) < 0.008))",Breach,7708962365626450022,141,550,-2.771715112757159E-4,yes,10,cmaes,300
AbstractFuelControl_M1,"□_[11.0, 50.0] ((((throttle < 8.8) && ◇_[0.0, 0.05] (40.0 < throttle)) || ((40.0 < throttle) && ◇_[0.0, 0.05] (throttle < 8.8))) ==> □_[1.0, 5.0] (abs(mu) < 0.008))",Breach,-1985167797452687559,53,200,-6.183193887766142E-5,yes,10,cmaes,300
AbstractFuelControl_M1,"□_[11.0, 50.0] ((((throttle < 8.8) && ◇_[0.0, 0.05] (40.0 < throttle)) || ((40.0 < throttle) && ◇_[0.0, 0.05] (throttle < 8.8))) ==> □_[1.0, 5.0] (abs(mu) < 0.008))",Breach,-9181452172432867415,68,256,-8.172321138722599E-5,yes,10,cmaes,300
AbstractFuelControl_M1,"□_[11.0, 50.0] ((((throttle < 8.8) && ◇_[0.0, 0.05] (40.0 < throttle)) || ((40.0 < throttle) && ◇_[0.0, 0.05] (throttle < 8.8))) ==> □_[1.0, 5.0] (abs(mu) < 0.008))",Breach,5136175437742153992,141,534,-2.771715112757159E-4,yes,10,cmaes,300
AbstractFuelControl_M1,"□_[11.0, 50.0] ((((throttle < 8.8) && ◇_[0.0, 0.05] (40.0 < throttle)) || ((40.0 < throttle) && ◇_[0.0, 0.05] (throttle < 8.8))) ==> □_[1.0, 5.0] (abs(mu) < 0.008))",Breach,2461321076443974826,141,537,-2.771715112757159E-4,yes,10,cmaes,300
AbstractFuelControl_M1,"□_[11.0, 50.0] ((((throttle < 8.8) && ◇_[0.0, 0.05] (40.0 < throttle)) || ((40.0 < throttle) && ◇_[0.0, 0.05] (throttle < 8.8))) ==> □_[1.0, 5.0] (abs(mu) < 0.008))",Breach,5393678625457699973,141,551,-2.771715112757159E-4,yes,10,cmaes,300
AbstractFuelControl_M1,"□_[11.0, 50.0] ((((throttle < 8.8) && ◇_[0.0, 0.05] (40.0 < throttle)) || ((40.0 < throttle) && ◇_[0.0, 0.05] (throttle < 8.8))) ==> □_[1.0, 5.0] (abs(mu) < 0.008))",Breach,-5223836593555421482,92,351,-7.533990726994039E-5,yes,10,cmaes,300
AbstractFuelControl_M1,"□_[11.0, 50.0] ((((throttle < 8.8) && ◇_[0.0, 0.05] (40.0 < throttle)) || ((40.0 < throttle) && ◇_[0.0, 0.05] (throttle < 8.8))) ==> □_[1.0, 5.0] (abs(mu) < 0.008))",Breach,4231336260356479292,141,538,-2.771715112757159E-4,yes,10,cmaes,300
AbstractFuelControl_M1,"□_[11.0, 50.0] ((((throttle < 8.8) && ◇_[0.0, 0.05] (40.0 < throttle)) || ((40.0 < throttle) && ◇_[0.0, 0.05] (throttle < 8.8))) ==> □_[1.0, 5.0] (abs(mu) < 0.008))",Breach,80026624404206994,141,539,-2.771715112757159E-4,yes,10,cmaes,300
AbstractFuelControl_M1,"□_[11.0, 50.0] ((((throttle < 8.8) && ◇_[0.0, 0.05] (40.0 < throttle)) || ((40.0 < throttle) && ◇_[0.0, 0.05] (throttle < 8.8))) ==> □_[1.0, 5.0] (abs(mu) < 0.008))",Breach,5629798281369249587,141,549,-2.771715112757159E-4,yes,10,cmaes,300
AbstractFuelControl_M1,"□_[11.0, 50.0] ((((throttle < 8.8) && ◇_[0.0, 0.05] (40.0 < throttle)) || ((40.0 < throttle) && ◇_[0.0, 0.05] (throttle < 8.8))) ==> □_[1.0, 5.0] (abs(mu) < 0.008))",Breach,-7970476187495257102,300,1152,5.533766035269866E-5,no,10,cmaes,300
AbstractFuelControl_M1,"□_[11.0, 50.0] ((((throttle < 8.8) && ◇_[0.0, 0.05] (40.0 < throttle)) || ((40.0 < throttle) && ◇_[0.0, 0.05] (throttle < 8.8))) ==> □_[1.0, 5.0] (abs(mu) < 0.008))",Breach,8328412070939253235,141,539,-2.771715112757159E-4,yes,10,cmaes,300
AbstractFuelControl_M1,"□_[11.0, 50.0] ((((throttle < 8.8) && ◇_[0.0, 0.05] (40.0 < throttle)) || ((40.0 < throttle) && ◇_[0.0, 0.05] (throttle < 8.8))) ==> □_[1.0, 5.0] (abs(mu) < 0.008))",Breach,8613213585075034408,141,540,-2.771715112757159E-4,yes,10,cmaes,300
AbstractFuelControl_M1,"□_[11.0, 50.0] ((((throttle < 8.8) && ◇_[0.0, 0.05] (40.0 < throttle)) || ((40.0 < throttle) && ◇_[0.0, 0.05] (throttle < 8.8))) ==> □_[1.0, 5.0] (abs(mu) < 0.008))",Breach,7839281802022211816,141,540,-2.771715112757159E-4,yes,10,cmaes,300
AbstractFuelControl_M1,"□_[11.0, 50.0] ((((throttle < 8.8) && ◇_[0.0, 0.05] (40.0 < throttle)) || ((40.0 < throttle) && ◇_[0.0, 0.05] (throttle < 8.8))) ==> □_[1.0, 5.0] (abs(mu) < 0.008))",Breach,605170570079111320,141,552,-2.771715112757159E-4,yes,10,cmaes,300
AbstractFuelControl_M1,"□_[11.0, 50.0] ((((throttle < 8.8) && ◇_[0.0, 0.05] (40.0 < throttle)) || ((40.0 < throttle) && ◇_[0.0, 0.05] (throttle < 8.8))) ==> □_[1.0, 5.0] (abs(mu) < 0.008))",Breach,-8912674914493871025,300,1152,1.1390512804292097E-5,no,10,cmaes,300
AbstractFuelControl_M1,"□_[11.0, 50.0] ((((throttle < 8.8) && ◇_[0.0, 0.05] (40.0 < throttle)) || ((40.0 < throttle) && ◇_[0.0, 0.05] (throttle < 8.8))) ==> □_[1.0, 5.0] (abs(mu) < 0.008))",Breach,-5429469239583332266,300,1148,1.0871787877057837E-5,no,10,cmaes,300
AbstractFuelControl_M1,"□_[11.0, 50.0] ((((throttle < 8.8) && ◇_[0.0, 0.05] (40.0 < throttle)) || ((40.0 < throttle) && ◇_[0.0, 0.05] (throttle < 8.8))) ==> □_[1.0, 5.0] (abs(mu) < 0.008))",Breach,7697740277460248409,141,548,-2.771715112757159E-4,yes,10,cmaes,300
AbstractFuelControl_M1,"□_[11.0, 50.0] ((((throttle < 8.8) && ◇_[0.0, 0.05] (40.0 < throttle)) || ((40.0 < throttle) && ◇_[0.0, 0.05] (throttle < 8.8))) ==> □_[1.0, 5.0] (abs(mu) < 0.008))",Breach,6823898353758749145,141,541,-2.771715112757159E-4,yes,10,cmaes,300
AbstractFuelControl_M1,"□_[11.0, 50.0] ((((throttle < 8.8) && ◇_[0.0, 0.05] (40.0 < throttle)) || ((40.0 < throttle) && ◇_[0.0, 0.05] (throttle < 8.8))) ==> □_[1.0, 5.0] (abs(mu) < 0.008))",Breach,-765888408110226152,67,258,-1.1728944891676446E-4,yes,10,cmaes,300
AbstractFuelControl_M1,"□_[11.0, 50.0] ((((throttle < 8.8) && ◇_[0.0, 0.05] (40.0 < throttle)) || ((40.0 < throttle) && ◇_[0.0, 0.05] (throttle < 8.8))) ==> □_[1.0, 5.0] (abs(mu) < 0.008))",Breach,1824341877410284492,141,542,-2.771715112757159E-4,yes,10,cmaes,300
AbstractFuelControl_M1,"□_[11.0, 50.0] ((((throttle < 8.8) && ◇_[0.0, 0.05] (40.0 < throttle)) || ((40.0 < throttle) && ◇_[0.0, 0.05] (throttle < 8.8))) ==> □_[1.0, 5.0] (abs(mu) < 0.008))",Breach,-9095715445349070663,37,139,-3.036301126542254E-4,yes,10,cmaes,300

